id,first_name,last_name,email,ip_address
1,Henryetta,Sweeney,hsweeney0@latimes.com,247.180.114.45
2,Patricio,Stranio,pstranio1@dell.com,78.193.175.227
3,Lonna,Del Dello,ldeldello2@a8.net,153.40.129.182
4,Brod,Francom,bfrancom3@telegraph.co.uk,93.216.83.226
5,Dennis,Dahlborg,ddahlborg4@ihg.com,45.186.226.177
6,Mannie,Bunney,mbunney5@ted.com,88.181.137.136
7,Nichol,Bredee,nbredee6@narod.ru,120.169.3.78
8,Korie,Stelfox,kstelfox7@lycos.com,164.71.32.87
9,Brandtr,Poge,bpoge8@wisc.edu,158.41.144.205
10,Andres,Zecchii,azecchii9@zimbio.com,36.85.142.152
